<core:FragmentDefinition xmlns="sap.m" xmlns:core="sap.ui.core">
	<!--<Dialog id="valueHelpDialog" title="Value Help" contentWidth="400px" contentHeight="300px" beginButton="{/buttons/close}" >-->
	<!--	<List items="{ path: 'MainModel>/ZIPMPLANTVH', sorter: { path: 'Plant' } }" press="onListItemPress">-->
			<!--<items>-->
	<!--				<StandardListItem title="{MainModel>Plant}"/>-->
			<!--</items>-->
		
			
	<!--	</List>-->
	<!--	<buttons>-->
	<!--		<Button text="Close" press="onClose"/>-->
	<!--	</buttons>-->
	<!--</Dialog>-->
	
	<SelectDialog id="valueHelpDialog" title="Value Help" items="{ path: 'MainModel>/ZIPMPLANTVH', sorter: { path: 'Plant' } }" confirm="onListItemPress">
<StandardListItem title="{MainModel>Plant}" />
</SelectDialog>
</core:FragmentDefinition>