<core:FragmentDefinition xmlns="sap.m" xmlns:core="sap.ui.core">
	<!--<Dialog id="valueHelpDialog1" title="Value Help" contentWidth="400px" contentHeight="300px" beginButton="{/buttons/close}">-->
	<!--	<List items="{ path: 'MainModel>/ZIFUNCLOCATIONVH', sorter: { path: 'FunctionalLocation' } }"  >-->
	<!--		<StandardListItem title="{MainModel>FunctionalLocation}"/>-->
			
	<!--	</List>-->
	<!--	<buttons>-->
	<!--		<Button text="Close" press="onLocClose"/>-->
	<!--	</buttons>-->
	<!--</Dialog>-->
	<SelectDialog id="valueLocHelpDialog" title="Value Help" items="{ path: 'MainModel>/ZIFUNCLOCATIONVH', sorter: { path: 'FunctionalLocation' } }" confirm="onLocListItemPress">
<StandardListItem title="{MainModel>FunctionalLocation}" />
</SelectDialog>
</core:FragmentDefinition>