<edmx:Edmx
    xmlns:edmx="http://schemas.microsoft.com/ado/2007/06/edmx"
    xmlns:m="http://schemas.microsoft.com/ado/2007/08/dataservices/metadata"
    xmlns:sap="http://www.sap.com/Protocols/SAPData" Version="1.0">
    <edmx:Reference
        xmlns:edmx="http://docs.oasis-open.org/odata/ns/edmx" Uri="./iwfnd/catalogservice;v=2/Vocabularies(TechnicalName='%2FIWBEP%2FVOC_AGGREGATION',Version='0001',SAP__Origin='LOCAL')/$value">
        <edmx:Include Namespace="Org.OData.Aggregation.V1" Alias="Aggregation"/>
    </edmx:Reference>
    <edmx:Reference
        xmlns:edmx="http://docs.oasis-open.org/odata/ns/edmx" Uri="./iwfnd/catalogservice;v=2/Vocabularies(TechnicalName='%2FIWBEP%2FVOC_ANALYTICS',Version='0001',SAP__Origin='LOCAL')/$value">
        <edmx:Include Namespace="com.sap.vocabularies.Analytics.v1" Alias="Analytics"/>
    </edmx:Reference>
    <edmx:Reference
        xmlns:edmx="http://docs.oasis-open.org/odata/ns/edmx" Uri="./iwfnd/catalogservice;v=2/Vocabularies(TechnicalName='%2FIWBEP%2FVOC_CAPABILITIES',Version='0001',SAP__Origin='LOCAL')/$value">
        <edmx:Include Namespace="Org.OData.Capabilities.V1" Alias="Capabilities"/>
    </edmx:Reference>
    <edmx:Reference
        xmlns:edmx="http://docs.oasis-open.org/odata/ns/edmx" Uri="./iwfnd/catalogservice;v=2/Vocabularies(TechnicalName='%2FIWBEP%2FVOC_CODELIST',Version='0001',SAP__Origin='LOCAL')/$value">
        <edmx:Include Namespace="com.sap.vocabularies.CodeList.v1" Alias="SAP__CodeList"/>
    </edmx:Reference>
    <edmx:Reference
        xmlns:edmx="http://docs.oasis-open.org/odata/ns/edmx" Uri="./iwfnd/catalogservice;v=2/Vocabularies(TechnicalName='%2FIWBEP%2FVOC_COMMON',Version='0001',SAP__Origin='LOCAL')/$value">
        <edmx:Include Namespace="com.sap.vocabularies.Common.v1" Alias="Common"/>
    </edmx:Reference>
    <edmx:Reference
        xmlns:edmx="http://docs.oasis-open.org/odata/ns/edmx" Uri="./iwfnd/catalogservice;v=2/Vocabularies(TechnicalName='%2FIWBEP%2FVOC_COMMUNICATION',Version='0001',SAP__Origin='LOCAL')/$value">
        <edmx:Include Namespace="com.sap.vocabularies.Communication.v1" Alias="Communication"/>
    </edmx:Reference>
    <edmx:Reference
        xmlns:edmx="http://docs.oasis-open.org/odata/ns/edmx" Uri="./iwfnd/catalogservice;v=2/Vocabularies(TechnicalName='%2FIWBEP%2FVOC_MEASURES',Version='0001',SAP__Origin='LOCAL')/$value">
        <edmx:Include Namespace="Org.OData.Measures.V1" Alias="Measures"/>
    </edmx:Reference>
    <edmx:Reference
        xmlns:edmx="http://docs.oasis-open.org/odata/ns/edmx" Uri="./iwfnd/catalogservice;v=2/Vocabularies(TechnicalName='%2FIWBEP%2FVOC_PERSONALDATA',Version='0001',SAP__Origin='LOCAL')/$value">
        <edmx:Include Namespace="com.sap.vocabularies.PersonalData.v1" Alias="PersonalData"/>
    </edmx:Reference>
    <edmx:Reference
        xmlns:edmx="http://docs.oasis-open.org/odata/ns/edmx" Uri="./iwfnd/catalogservice;v=2/Vocabularies(TechnicalName='%2FIWBEP%2FVOC_UI',Version='0001',SAP__Origin='LOCAL')/$value">
        <edmx:Include Namespace="com.sap.vocabularies.UI.v1" Alias="UI"/>
    </edmx:Reference>
    <edmx:Reference
        xmlns:edmx="http://docs.oasis-open.org/odata/ns/edmx" Uri="./iwfnd/catalogservice;v=2/Vocabularies(TechnicalName='%2FIWBEP%2FVOC_VALIDATION',Version='0001',SAP__Origin='LOCAL')/$value">
        <edmx:Include Namespace="Org.OData.Validation.V1" Alias="Validation"/>
    </edmx:Reference>
    <edmx:DataServices m:DataServiceVersion="2.0">
        <Schema
            xmlns="http://schemas.microsoft.com/ado/2008/09/edm" Namespace="ZSL_HOSTEL_AVAIL_REPORT_SRV_01" xml:lang="en" sap:schema-version="1">
            <Annotation
                xmlns="http://docs.oasis-open.org/odata/ns/edm" Term="Core.SchemaVersion" String="1.0.0"/>
                <EntityType Name="GetHostelData" sap:content-version="1">
                    <Key>
                        <PropertyRef Name="Indicator"/>
                        <PropertyRef Name="CollegeCode"/>
                    </Key>
                    <Property Name="Indicator" Type="Edm.String" Nullable="false" sap:unicode="false" sap:creatable="false" sap:updatable="false" sap:sortable="false" sap:filterable="false"/>
                    <Property Name="CollegeCode" Type="Edm.String" Nullable="false" sap:unicode="false" sap:creatable="false" sap:updatable="false" sap:sortable="false" sap:filterable="false"/>
                    <Property Name="Location" Type="Edm.String" Nullable="false" sap:unicode="false" sap:creatable="false" sap:updatable="false" sap:sortable="false" sap:filterable="false"/>
                    <Property Name="Description" Type="Edm.String" Nullable="false" sap:unicode="false" sap:creatable="false" sap:updatable="false" sap:sortable="false" sap:filterable="false"/>
                    <Property Name="RoomType" Type="Edm.String" Nullable="false" sap:unicode="false" sap:creatable="false" sap:updatable="false" sap:sortable="false" sap:filterable="false"/>
                    <Property Name="Status" Type="Edm.String" Nullable="false" sap:unicode="false" sap:creatable="false" sap:updatable="false" sap:sortable="false" sap:filterable="false"/>
                    <Property Name="Priority" Type="Edm.String" Nullable="false" sap:unicode="false" sap:creatable="false" sap:updatable="false" sap:sortable="false" sap:filterable="false"/>
                    <Property Name="Date" Type="Edm.String" Nullable="false" sap:unicode="false" sap:creatable="false" sap:updatable="false" sap:sortable="false" sap:filterable="false"/>
                    <Property Name="SystemStatus" Type="Edm.String" Nullable="false" sap:unicode="false" sap:creatable="false" sap:updatable="false" sap:sortable="false" sap:filterable="false"/>
                    <Property Name="ReportedBy" Type="Edm.String" Nullable="false" sap:unicode="false" sap:creatable="false" sap:updatable="false" sap:sortable="false" sap:filterable="false"/>
                    <Property Name="HostelFacility" Type="Edm.String" Nullable="false" sap:unicode="false" sap:creatable="false" sap:updatable="false" sap:sortable="false" sap:filterable="false"/>
                    <Property Name="NotificationNo" Type="Edm.String" Nullable="false" sap:unicode="false" sap:creatable="false" sap:updatable="false" sap:sortable="false" sap:filterable="false"/>
                    <Property Name="NotificationType" Type="Edm.String" Nullable="false" sap:unicode="false" sap:creatable="false" sap:updatable="false" sap:sortable="false" sap:filterable="false"/>
                </EntityType>
                <EntityType Name="CreatedBy" sap:content-version="1">
                    <Key>
                        <PropertyRef Name="username"/>
                    </Key>
                    <Property Name="username" Type="Edm.String" Nullable="false" sap:unicode="false" sap:creatable="false" sap:updatable="false" sap:sortable="false" sap:filterable="false"/>
                </EntityType>
                <EntityType Name="NotificationNo" sap:content-version="1">
                    <Key>
                        <PropertyRef Name="NotifNo"/>
                    </Key>
                    <Property Name="NotifNo" Type="Edm.String" Nullable="false" sap:unicode="false" sap:creatable="false" sap:updatable="false" sap:sortable="false" sap:filterable="false"/>
                </EntityType>
                <EntityType Name="I_PMNotificationTypeStdVHType" sap:label="Notification Type" sap:content-version="1">
                    <Key>
                        <PropertyRef Name="NotificationType"/>
                    </Key>
                    <Property Name="NotificationType" Type="Edm.String" Nullable="false" MaxLength="2" sap:display-format="UpperCase" sap:text="NotificationType_Text" sap:label="Notification Type"/>
                    <Property Name="NotificationType_Text" Type="Edm.String" MaxLength="20" sap:label="Notification Type Text" sap:creatable="false" sap:updatable="false"/>
                </EntityType>
                <EntityType Name="ZIFUNCLOCATIONVHType" sap:label="Functional Loc Value Help" sap:content-version="1">
                    <Key>
                        <PropertyRef Name="FunctionalLocation"/>
                    </Key>
                    <Property Name="FunctionalLocation" Type="Edm.String" Nullable="false" MaxLength="40" sap:display-format="UpperCase" sap:text="FunctionalDescription" sap:label="Functional Location"/>
                    <Property Name="FunctionalDescription" Type="Edm.String" MaxLength="40" sap:label="Description" sap:quickinfo="Description of functional location"/>
                    <Property Name="FunctionalIndicator" Type="Edm.String" MaxLength="5" sap:display-format="UpperCase" sap:label="Indicator" sap:quickinfo="Functional Location Structure Indicator"/>
                </EntityType>
                <EntityType Name="ZIPMPLANTVHType" sap:label="PM Plant Value Help" sap:content-version="1">
                    <Key>
                        <PropertyRef Name="Plant"/>
                    </Key>
                    <Property Name="Plant" Type="Edm.String" Nullable="false" MaxLength="4" sap:display-format="UpperCase" sap:text="PlantName" sap:label="Plant"/>
                    <Property Name="PlantName" Type="Edm.String" MaxLength="30" sap:label="Plant Name"/>
                </EntityType>
                <EntityType Name="ZIPMPRIORITYVHType" sap:label="PM Priority Value Help" sap:content-version="1">
                    <Key>
                        <PropertyRef Name="MaintPriority"/>
                        <PropertyRef Name="MaintPriorityType"/>
                        <PropertyRef Name="Language"/>
                    </Key>
                    <Property Name="MaintPriority" Type="Edm.String" Nullable="false" MaxLength="1" sap:display-format="UpperCase" sap:label="Priority"/>
                    <Property Name="MaintPriorityType" Type="Edm.String" Nullable="false" MaxLength="2" sap:display-format="UpperCase" sap:label="Priority Type"/>
                    <Property Name="Language" Type="Edm.String" Nullable="false" MaxLength="2" sap:label="Language Key"/>
                    <Property Name="MaintPriorityDesc" Type="Edm.String" MaxLength="20" sap:label="Priority Text"/>
                </EntityType>
                <EntityType Name="ZIPMUSERNAMEVHType" sap:label="User ID Value Help" sap:content-version="1">
                    <Key>
                        <PropertyRef Name="UserName"/>
                    </Key>
                    <Property Name="UserName" Type="Edm.String" Nullable="false" MaxLength="12" sap:display-format="UpperCase" sap:label="User Name" sap:quickinfo="User Name in User Master Record"/>
                    <Property Name="FirstName" Type="Edm.String" MaxLength="40" sap:label="First Name"/>
                    <Property Name="LastName" Type="Edm.String" MaxLength="40" sap:label="Last Name"/>
                    <Property Name="LongName" Type="Edm.String" MaxLength="80" sap:label="Full Name" sap:quickinfo="Full Name of Person"/>
                </EntityType>
                <EntityType Name="ZIROOMTYPEVHType" sap:label="Room Type Value Help" sap:content-version="1">
                    <Key>
                        <PropertyRef Name="DomainValue"/>
                    </Key>
                    <Property Name="DomainValue" Type="Edm.String" Nullable="false" MaxLength="10" sap:display-format="UpperCase" sap:text="DomainDescription" sap:label="Room Type" sap:quickinfo="Values for Domains: Single Value/Lower Limit"/>
                    <Property Name="DomainDescription" Type="Edm.String" MaxLength="60" sap:label="Description" sap:quickinfo="Short Text for Fixed Values"/>
                </EntityType>
                <EntityType Name="ZISYSTEMSTATUSVHType" sap:label="System Status Value Help" sap:content-version="1">
                    <Key>
                        <PropertyRef Name="StatusKey"/>
                    </Key>
                    <Property Name="StatusKey" Type="Edm.String" Nullable="false" MaxLength="5" sap:display-format="UpperCase" sap:text="NotificationStatus" sap:label="Functional Location" sap:quickinfo="System status"/>
                    <Property Name="NotificationStatus" Type="Edm.String" MaxLength="30" sap:label="Description" sap:quickinfo="Individual Status of an Object"/>
                    <Property Name="FinalStatus" Type="Edm.String" MaxLength="11"/>
                </EntityType>
                <EntityContainer Name="ZSL_HOSTEL_AVAIL_REPORT_SRV_01_Entities" m:IsDefaultEntityContainer="true" sap:message-scope-supported="true" sap:supported-formats="atom json xlsx">
                    <EntitySet Name="GetHostelDataSet" EntityType="ZSL_HOSTEL_AVAIL_REPORT_SRV_01.GetHostelData" sap:creatable="false" sap:updatable="false" sap:deletable="false" sap:pageable="false" sap:addressable="false" sap:content-version="1"/>
                    <EntitySet Name="CreatedBySet" EntityType="ZSL_HOSTEL_AVAIL_REPORT_SRV_01.CreatedBy" sap:creatable="false" sap:updatable="false" sap:deletable="false" sap:pageable="false" sap:addressable="false" sap:content-version="1"/>
                    <EntitySet Name="NotificationNoSet" EntityType="ZSL_HOSTEL_AVAIL_REPORT_SRV_01.NotificationNo" sap:creatable="false" sap:updatable="false" sap:deletable="false" sap:pageable="false" sap:addressable="false" sap:content-version="1"/>
                    <EntitySet Name="I_PMNotificationTypeStdVH" EntityType="ZSL_HOSTEL_AVAIL_REPORT_SRV_01.I_PMNotificationTypeStdVHType" sap:creatable="false" sap:updatable="false" sap:deletable="false" sap:searchable="true" sap:content-version="1"/>
                    <EntitySet Name="ZIFUNCLOCATIONVH" EntityType="ZSL_HOSTEL_AVAIL_REPORT_SRV_01.ZIFUNCLOCATIONVHType" sap:creatable="false" sap:updatable="false" sap:deletable="false" sap:searchable="true" sap:content-version="1"/>
                    <EntitySet Name="ZIPMPLANTVH" EntityType="ZSL_HOSTEL_AVAIL_REPORT_SRV_01.ZIPMPLANTVHType" sap:creatable="false" sap:updatable="false" sap:deletable="false" sap:searchable="true" sap:content-version="1"/>
                    <EntitySet Name="ZIPMPRIORITYVH" EntityType="ZSL_HOSTEL_AVAIL_REPORT_SRV_01.ZIPMPRIORITYVHType" sap:creatable="false" sap:updatable="false" sap:deletable="false" sap:content-version="1"/>
                    <EntitySet Name="ZIPMUSERNAMEVH" EntityType="ZSL_HOSTEL_AVAIL_REPORT_SRV_01.ZIPMUSERNAMEVHType" sap:creatable="false" sap:updatable="false" sap:deletable="false" sap:searchable="true" sap:content-version="1"/>
                    <EntitySet Name="ZIROOMTYPEVH" EntityType="ZSL_HOSTEL_AVAIL_REPORT_SRV_01.ZIROOMTYPEVHType" sap:creatable="false" sap:updatable="false" sap:deletable="false" sap:searchable="true" sap:content-version="1"/>
                    <EntitySet Name="ZISYSTEMSTATUSVH" EntityType="ZSL_HOSTEL_AVAIL_REPORT_SRV_01.ZISYSTEMSTATUSVHType" sap:creatable="false" sap:updatable="false" sap:deletable="false" sap:searchable="true" sap:content-version="1"/>
                </EntityContainer>
                <Annotations
                    xmlns="http://docs.oasis-open.org/odata/ns/edm" Target="ZSL_HOSTEL_AVAIL_REPORT_SRV_01.ZSL_HOSTEL_AVAIL_REPORT_SRV_01_Entities">
                    <Annotation Term="Common.ApplyMultiUnitBehaviorForSortingAndFiltering" Bool="true"/>
                </Annotations>
                <atom:link
                    xmlns:atom="http://www.w3.org/2005/Atom" rel="self" href="./sap/ZSL_HOSTEL_AVAIL_REPORT_SRV_01/$metadata"/>
                    <atom:link
                        xmlns:atom="http://www.w3.org/2005/Atom" rel="latest-version" href="./sap/ZSL_HOSTEL_AVAIL_REPORT_SRV_01/$metadata"/>
                    </Schema>
                </edmx:DataServices>
            </edmx:Edmx>