<!--<core:FragmentDefinition xmlns="sap.m" xmlns:core="sap.ui.core">-->

<!--<SelectDialog id="valueHelpDialog" title="Value Help" items="{/ZshStextSet}" confirm="onListItemPress" search="onSearch" >-->
<!--<StandardListItem title="{Stext}" description="{Objid}" /> -->

<!--</SelectDialog>-->
<!--</core:FragmentDefinition>-->

<core:FragmentDefinition xmlns="sap.m" xmlns:core="sap.ui.core">
<SelectDialog
title="Value Help"
multiSelect="false"
items="{/ZshStextSet}"
confirm="onListItemPress"
search="onSearch">
<!--<SearchField width="100%" />-->
<StandardListItem title="{Stext}" description="{Objid}" />
</SelectDialog>
</core:FragmentDefinition>