<!--<core:FragmentDefinition xmlns="sap.m" xmlns:core="sap.ui.core">-->

<!--<SelectDialog id="valueHelpDialog1" title="Value Help" items="{/ZshMaktxSet}" confirm="onListItemBookPress">-->
<!--<StandardListItem title="{Maktx}" description="{Matnr}"/>-->
<!--</SelectDialog>-->
<!--</core:FragmentDefinition>-->

<core:FragmentDefinition xmlns="sap.m" xmlns:core="sap.ui.core">
<SelectDialog
title="Value Help"
multiSelect="false"
items="{/ZshMaktxSet}"
confirm="onListItemBookPress"
search="onBookSearch">
<!--<SearchField width="100%" />-->
<StandardListItem title="{Maktx}" description="{Matnr}" />
</SelectDialog>
</core:FragmentDefinition>