<mvc:View xmlns:mvc="sap.ui.core.mvc" xmlns:forms="sap.ui.layout.form" 	xmlns:core="sap.ui.core" xmlns="sap.m">

		<Label  class="sapUiSmallMarginTop"/>
	

	<Panel>
	<Table id="goodsIssueItemsTableId" selectionChange="SelectLineItem"  visible="true" mode="SingleSelect">
<headerToolbar>
<Toolbar>
<content>
		<Label text="Year" labelFor="label1" class="sapUiTinyMarginTop" design="Bold"></Label>
	<ComboBox id="label1" width="90px" class="year"
			>
		
				<core:Item key="{key}" text="2019" />
				<core:Item key="{key}" text="2020" />
				<core:Item key="{key}" text="2021" />
				<core:Item key="{key}" text="2022" />
				<core:Item key="{key}" text="2023" />
				<core:Item key="{key}" text="2024" />
			</ComboBox>
<Title text="{LocalDataModel>/titles/ItemsTotal}" level="H2"/>
<ToolbarSpacer/>

	<Button class="sapUiLargeMarginBegin " text="Wire/Check Payments" icon="sap-icon://expense-report"  type="Emphasized"></Button>
	<Button class="sapUiSmallMarginBegin " text="Proceed" icon="sap-icon://money-bills"  type="Emphasized"></Button>
</content>
</Toolbar>
</headerToolbar>
<columns  >
<!-- <Column width="3rem" hAlign="Begin" visible="true"><Label text="{i18n>ITEM}" design="Bold" wrapping="true"/></Column> -->
<Column hAlign="Begin" visible="true">
<Label text="Due Date" design="Bold" wrapping="true"/>
</Column>
<Column hAlign="Begin" visible="true">
<Label text="Type" design="Bold" wrapping="true"/>
</Column>
<Column hAlign="Begin" visible="true">
<Label text="Fees Paid (In OMR)" design="Bold" wrapping="true"/>
</Column>
<Column hAlign="Begin" visible="{= (${device>/system/tablet} === true ? true : false) || (${device>/system/desktop} === true ? true : false)}">
<Label text="Discount(In OMR)" design="Bold" wrapping="true"/>
</Column>
<Column hAlign="Begin" visible="{= (${device>/system/tablet} === true ? true : false) || (${device>/system/desktop} === true ? true : false)}">
<Label text="Fees Due(In OMR)" design="Bold" wrapping="true"/>
</Column>

</columns>
<items>
<ColumnListItem>
<cells>
<!-- <Text text="{LocalDataModel>ReservationItem}"/> -->
<Text text="02.22.2024" />
<Text text="Deposit Tution Fees"/>
<Text text=""/>
<Text text=""/>
<Text text="500"/>
<!-- <Text text="{LocalDataModel>StockType}"/> -->
<HBox>
<Button icon="sap-icon://add" type="Accept" press="onAddDeleteItem" visible="{=${LocalDataModel>delete} === true?false:true}" class="sapUiTinyMarginEnd">
<customData>
<core:CustomData key="add" value=""/>
</customData>
</Button>
<Button icon="sap-icon://delete" type="Reject" press="onAddDeleteItem" visible="{=${LocalDataModel>delete} === true?true:false}">
<customData>
<core:CustomData key="delete" value=""/>
</customData>
</Button>
</HBox>
</cells>
</ColumnListItem>
</items>
</Table>
</Panel>
</mvc:View>