<mvc:View xmlns:mvc="sap.ui.core.mvc" xmlns:forms="sap.ui.layout.form" 	xmlns:core="sap.ui.core" xmlns="sap.m">

		<Label  class="sapUiSmallMarginTop"/>
	

	<Panel>
	<Table id="goodsIssueItemsTableId" selectionChange="SelectLineItem"  visible="true" mode="SingleSelect">

<columns  >
<!-- <Column width="3rem" hAlign="Begin" visible="true"><Label text="{i18n>ITEM}" design="Bold" wrapping="true"/></Column> -->
<Column hAlign="Begin" visible="true">
<Label text="Date" design="Bold" wrapping="true"/>
</Column>
<Column hAlign="Begin" visible="true">
<Label text="Amount" design="Bold" wrapping="true"/>
</Column>
<Column hAlign="Begin" visible="true">
<Label text="Billing Item" design="Bold" wrapping="true"/>
</Column>
<Column hAlign="Begin" visible="{= (${device>/system/tablet} === true ? true : false) || (${device>/system/desktop} === true ? true : false)}">
<Label text="Download" design="Bold" wrapping="true"/>
</Column>


</columns>
<items>
<ColumnListItem>
<cells>
<!-- <Text text="{LocalDataModel>ReservationItem}"/> -->
<Text text="02/22/2024"/>
<Text text="500.00"/>
<Text text="Deposit Tution Fees"/>
<Button icon="sap-icon://download" type="Transparent"></Button>
<!-- <Text text="{LocalDataModel>StockType}"/> -->
</cells>
</ColumnListItem>
</items>
</Table>
</Panel>
</mvc:View>