<mvc:View xmlns:mvc="sap.ui.core.mvc" xmlns:forms="sap.ui.layout.form" 	xmlns:core="sap.ui.core" xmlns="sap.m">

		<Label  class="sapUiSmallMarginTop"/>
	

<Panel>	
	<Table id="goodsIssueItemsTableId" selectionChange="SelectLineItem"  visible="true" mode="SingleSelect">

<columns  >
<!-- <Column width="3rem" hAlign="Begin" visible="true"><Label text="{i18n>ITEM}" design="Bold" wrapping="true"/></Column> -->
<Column hAlign="Begin" visible="true">
<Label text="Transaction Id" design="Bold" wrapping="true"/>
</Column>
<Column hAlign="Begin" visible="true">
<Label text="Transaction Type" design="Bold" wrapping="true"/>
</Column>
<Column hAlign="Begin" visible="true">
<Label text="Payment Date" design="Bold" wrapping="true"/>
</Column>
<Column hAlign="Begin" visible="{= (${device>/system/tablet} === true ? true : false) || (${device>/system/desktop} === true ? true : false)}">
<Label text="Amount Name" design="Bold" wrapping="true"/>
</Column>
<Column hAlign="Begin" visible="{= (${device>/system/tablet} === true ? true : false) || (${device>/system/desktop} === true ? true : false)}">
<Label text="Email" design="Bold" wrapping="true"/>
</Column>
<Column hAlign="Begin" visible="{= (${device>/system/tablet} === true ? true : false) || (${device>/system/desktop} === true ? true : false)}">
<Label text="Remarks" design="Bold" wrapping="true"/>
</Column>

</columns>
<items>
<ColumnListItem>
<cells>
<!-- <Text text="{LocalDataModel>ReservationItem}"/> -->
<Text text=""/>
<Text text=""/>
<Text text=""/>
<Text text=""/>
<Text text=""/>
<!-- <Text text="{LocalDataModel>StockType}"/> -->
</cells>
</ColumnListItem>
</items>
</Table>
</Panel>
</mvc:View>