<edmx:Edmx
    xmlns:edmx="http://schemas.microsoft.com/ado/2007/06/edmx"
    xmlns:m="http://schemas.microsoft.com/ado/2007/08/dataservices/metadata"
    xmlns:sap="http://www.sap.com/Protocols/SAPData" Version="1.0">
    <edmx:Reference
        xmlns:edmx="http://docs.oasis-open.org/odata/ns/edmx" Uri="./iwfnd/catalogservice;v=2/Vocabularies(TechnicalName='%2FIWBEP%2FVOC_AGGREGATION',Version='0001',SAP__Origin='LOCAL')/$value">
        <edmx:Include Namespace="Org.OData.Aggregation.V1" Alias="Aggregation"/>
    </edmx:Reference>
    <edmx:Reference
        xmlns:edmx="http://docs.oasis-open.org/odata/ns/edmx" Uri="./iwfnd/catalogservice;v=2/Vocabularies(TechnicalName='%2FIWBEP%2FVOC_ANALYTICS',Version='0001',SAP__Origin='LOCAL')/$value">
        <edmx:Include Namespace="com.sap.vocabularies.Analytics.v1" Alias="Analytics"/>
    </edmx:Reference>
    <edmx:Reference
        xmlns:edmx="http://docs.oasis-open.org/odata/ns/edmx" Uri="./iwfnd/catalogservice;v=2/Vocabularies(TechnicalName='%2FIWBEP%2FVOC_CAPABILITIES',Version='0001',SAP__Origin='LOCAL')/$value">
        <edmx:Include Namespace="Org.OData.Capabilities.V1" Alias="Capabilities"/>
    </edmx:Reference>
    <edmx:Reference
        xmlns:edmx="http://docs.oasis-open.org/odata/ns/edmx" Uri="./iwfnd/catalogservice;v=2/Vocabularies(TechnicalName='%2FIWBEP%2FVOC_CODELIST',Version='0001',SAP__Origin='LOCAL')/$value">
        <edmx:Include Namespace="com.sap.vocabularies.CodeList.v1" Alias="SAP__CodeList"/>
    </edmx:Reference>
    <edmx:Reference
        xmlns:edmx="http://docs.oasis-open.org/odata/ns/edmx" Uri="./iwfnd/catalogservice;v=2/Vocabularies(TechnicalName='%2FIWBEP%2FVOC_COMMON',Version='0001',SAP__Origin='LOCAL')/$value">
        <edmx:Include Namespace="com.sap.vocabularies.Common.v1" Alias="Common"/>
    </edmx:Reference>
    <edmx:Reference
        xmlns:edmx="http://docs.oasis-open.org/odata/ns/edmx" Uri="./iwfnd/catalogservice;v=2/Vocabularies(TechnicalName='%2FIWBEP%2FVOC_COMMUNICATION',Version='0001',SAP__Origin='LOCAL')/$value">
        <edmx:Include Namespace="com.sap.vocabularies.Communication.v1" Alias="Communication"/>
    </edmx:Reference>
    <edmx:Reference
        xmlns:edmx="http://docs.oasis-open.org/odata/ns/edmx" Uri="./iwfnd/catalogservice;v=2/Vocabularies(TechnicalName='%2FIWBEP%2FVOC_MEASURES',Version='0001',SAP__Origin='LOCAL')/$value">
        <edmx:Include Namespace="Org.OData.Measures.V1" Alias="Measures"/>
    </edmx:Reference>
    <edmx:Reference
        xmlns:edmx="http://docs.oasis-open.org/odata/ns/edmx" Uri="./iwfnd/catalogservice;v=2/Vocabularies(TechnicalName='%2FIWBEP%2FVOC_PERSONALDATA',Version='0001',SAP__Origin='LOCAL')/$value">
        <edmx:Include Namespace="com.sap.vocabularies.PersonalData.v1" Alias="PersonalData"/>
    </edmx:Reference>
    <edmx:Reference
        xmlns:edmx="http://docs.oasis-open.org/odata/ns/edmx" Uri="./iwfnd/catalogservice;v=2/Vocabularies(TechnicalName='%2FIWBEP%2FVOC_UI',Version='0001',SAP__Origin='LOCAL')/$value">
        <edmx:Include Namespace="com.sap.vocabularies.UI.v1" Alias="UI"/>
    </edmx:Reference>
    <edmx:Reference
        xmlns:edmx="http://docs.oasis-open.org/odata/ns/edmx" Uri="./iwfnd/catalogservice;v=2/Vocabularies(TechnicalName='%2FIWBEP%2FVOC_VALIDATION',Version='0001',SAP__Origin='LOCAL')/$value">
        <edmx:Include Namespace="Org.OData.Validation.V1" Alias="Validation"/>
    </edmx:Reference>
    <edmx:DataServices m:DataServiceVersion="2.0">
        <Schema
            xmlns="http://schemas.microsoft.com/ado/2008/09/edm" Namespace="ZSL_HOSTEL_FACILITY_SRV" xml:lang="en" sap:schema-version="1">
            <Annotation
                xmlns="http://docs.oasis-open.org/odata/ns/edm" Term="Core.SchemaVersion" String="1.0.0"/>
                <EntityType Name="CollegeCodeVH" sap:content-version="1">
                    <Key>
                        <PropertyRef Name="CollegeCode"/>
                    </Key>
                    <Property Name="CollegeCode" Type="Edm.String" Nullable="false" sap:unicode="false" sap:creatable="false" sap:updatable="false" sap:sortable="false" sap:filterable="false"/>
                </EntityType>
                <EntityType Name="PriorityVH" sap:content-version="1">
                    <Key>
                        <PropertyRef Name="Priority"/>
                    </Key>
                    <Property Name="Priority" Type="Edm.String" Nullable="false" sap:unicode="false" sap:creatable="false" sap:updatable="false" sap:sortable="false" sap:filterable="false"/>
                </EntityType>
                <EntityType Name="Responsibilities" sap:content-version="1">
                    <Key>
                        <PropertyRef Name="ReportedBy"/>
                    </Key>
                    <Property Name="ReportedBy" Type="Edm.String" Nullable="false" sap:unicode="false" sap:creatable="false" sap:updatable="false" sap:sortable="false" sap:filterable="false"/>
                    <Property Name="ReportedOn" Type="Edm.String" Nullable="false" sap:unicode="false" sap:creatable="false" sap:updatable="false" sap:sortable="false" sap:filterable="false"/>
                </EntityType>
                <EntityType Name="CreateNotification" sap:content-version="1">
                    <Key>
                        <PropertyRef Name="CollegeCode"/>
                    </Key>
                    <Property Name="CollegeCode" Type="Edm.String" Nullable="false" sap:unicode="false" sap:creatable="false" sap:updatable="false" sap:sortable="false" sap:filterable="false"/>
                    <Property Name="RequestType" Type="Edm.String" Nullable="false" sap:unicode="false" sap:creatable="false" sap:updatable="false" sap:sortable="false" sap:filterable="false"/>
                    <Property Name="RoomType" Type="Edm.String" Nullable="false" sap:unicode="false" sap:creatable="false" sap:updatable="false" sap:sortable="false" sap:filterable="false"/>
                    <Property Name="RequestDate" Type="Edm.String" Nullable="false" sap:unicode="false" sap:creatable="false" sap:updatable="false" sap:sortable="false" sap:filterable="false"/>
                    <Property Name="Description" Type="Edm.String" Nullable="false" sap:unicode="false" sap:creatable="false" sap:updatable="false" sap:sortable="false" sap:filterable="false"/>
                    <Property Name="LongText" Type="Edm.String" Nullable="false" sap:unicode="false" sap:creatable="false" sap:updatable="false" sap:sortable="false" sap:filterable="false"/>
                    <Property Name="Priority" Type="Edm.String" Nullable="false" sap:unicode="false" sap:creatable="false" sap:updatable="false" sap:sortable="false" sap:filterable="false"/>
                    <Property Name="ReportedBy" Type="Edm.String" Nullable="false" sap:unicode="false" sap:creatable="false" sap:updatable="false" sap:sortable="false" sap:filterable="false"/>
                    <Property Name="ReportedOn" Type="Edm.String" Nullable="false" sap:unicode="false" sap:creatable="false" sap:updatable="false" sap:sortable="false" sap:filterable="false"/>
                    <Property Name="NotificationNumber" Type="Edm.String" Nullable="false" sap:unicode="false" sap:creatable="false" sap:updatable="false" sap:sortable="false" sap:filterable="false"/>
                    <Property Name="Message" Type="Edm.String" Nullable="false" sap:unicode="false" sap:creatable="false" sap:updatable="false" sap:sortable="false" sap:filterable="false"/>
                </EntityType>
                <EntityType Name="I_PMNotificationTypeStdVHType" sap:label="Notification Type" sap:content-version="1">
                    <Key>
                        <PropertyRef Name="NotificationType"/>
                    </Key>
                    <Property Name="NotificationType" Type="Edm.String" Nullable="false" MaxLength="2" sap:display-format="UpperCase" sap:text="NotificationType_Text" sap:label="Notification Type"/>
                    <Property Name="NotificationType_Text" Type="Edm.String" MaxLength="20" sap:label="Notification Type Text" sap:creatable="false" sap:updatable="false"/>
                    <NavigationProperty Name="to_Text" Relationship="ZSL_HOSTEL_FACILITY_SRV.assoc_D88E81252DFD76779A42B875FF0B0B8C" FromRole="FromRole_assoc_D88E81252DFD76779A42B875FF0B0B8C" ToRole="ToRole_assoc_D88E81252DFD76779A42B875FF0B0B8C"/>
                </EntityType>
                <EntityType Name="I_PMNotificationTypeTextType" sap:label="Notification Type - Text" sap:content-version="1">
                    <Key>
                        <PropertyRef Name="NotificationType"/>
                        <PropertyRef Name="Language"/>
                    </Key>
                    <Property Name="NotificationType" Type="Edm.String" Nullable="false" MaxLength="2" sap:display-format="UpperCase" sap:label="Notification Type"/>
                    <Property Name="Language" Type="Edm.String" Nullable="false" MaxLength="2" sap:label="Language Key"/>
                    <Property Name="NotificationTypeName" Type="Edm.String" MaxLength="20" sap:label="Notification Type Text"/>
                </EntityType>
                <Association Name="assoc_D88E81252DFD76779A42B875FF0B0B8C" sap:content-version="1">
                    <End Type="ZSL_HOSTEL_FACILITY_SRV.I_PMNotificationTypeStdVHType" Multiplicity="1" Role="FromRole_assoc_D88E81252DFD76779A42B875FF0B0B8C"/>
                    <End Type="ZSL_HOSTEL_FACILITY_SRV.I_PMNotificationTypeTextType" Multiplicity="*" Role="ToRole_assoc_D88E81252DFD76779A42B875FF0B0B8C"/>
                </Association>
                <EntityContainer Name="ZSL_HOSTEL_FACILITY_SRV_Entities" m:IsDefaultEntityContainer="true" sap:message-scope-supported="true" sap:supported-formats="atom json xlsx">
                    <EntitySet Name="CollegeCodeVHSet" EntityType="ZSL_HOSTEL_FACILITY_SRV.CollegeCodeVH" sap:creatable="false" sap:updatable="false" sap:deletable="false" sap:pageable="false" sap:addressable="false" sap:content-version="1"/>
                    <EntitySet Name="PriorityVHSet" EntityType="ZSL_HOSTEL_FACILITY_SRV.PriorityVH" sap:creatable="false" sap:updatable="false" sap:deletable="false" sap:pageable="false" sap:addressable="false" sap:content-version="1"/>
                    <EntitySet Name="ResponsibilitiesSet" EntityType="ZSL_HOSTEL_FACILITY_SRV.Responsibilities" sap:creatable="false" sap:updatable="false" sap:deletable="false" sap:pageable="false" sap:addressable="false" sap:content-version="1"/>
                    <EntitySet Name="CreateNotificationSet" EntityType="ZSL_HOSTEL_FACILITY_SRV.CreateNotification" sap:creatable="false" sap:updatable="false" sap:deletable="false" sap:pageable="false" sap:addressable="false" sap:content-version="1"/>
                    <EntitySet Name="I_PMNotificationTypeStdVH" EntityType="ZSL_HOSTEL_FACILITY_SRV.I_PMNotificationTypeStdVHType" sap:creatable="false" sap:updatable="false" sap:deletable="false" sap:searchable="true" sap:content-version="1"/>
                    <EntitySet Name="I_PMNotificationTypeText" EntityType="ZSL_HOSTEL_FACILITY_SRV.I_PMNotificationTypeTextType" sap:creatable="false" sap:updatable="false" sap:deletable="false" sap:searchable="true" sap:content-version="1"/>
                    <AssociationSet Name="assoc_D88E81252DFD76779A42B875FF0B0B8C" Association="ZSL_HOSTEL_FACILITY_SRV.assoc_D88E81252DFD76779A42B875FF0B0B8C" sap:creatable="false" sap:updatable="false" sap:deletable="false" sap:content-version="1">
                        <End EntitySet="I_PMNotificationTypeStdVH" Role="FromRole_assoc_D88E81252DFD76779A42B875FF0B0B8C"/>
                        <End EntitySet="I_PMNotificationTypeText" Role="ToRole_assoc_D88E81252DFD76779A42B875FF0B0B8C"/>
                    </AssociationSet>
                </EntityContainer>
                <Annotations
                    xmlns="http://docs.oasis-open.org/odata/ns/edm" Target="ZSL_HOSTEL_FACILITY_SRV.ZSL_HOSTEL_FACILITY_SRV_Entities">
                    <Annotation Term="Common.ApplyMultiUnitBehaviorForSortingAndFiltering" Bool="true"/>
                </Annotations>
                <Annotations
                    xmlns="http://docs.oasis-open.org/odata/ns/edm" Target="ZSL_HOSTEL_FACILITY_SRV.ZSL_HOSTEL_FACILITY_SRV_Entities/I_PMNotificationTypeStdVH">
                    <Annotation Term="Capabilities.NavigationRestrictions">
                        <Record>
                            <PropertyValue Property="RestrictedProperties">
                                <Collection>
                                    <Record>
                                        <PropertyValue Property="NavigationProperty" NavigationPropertyPath="to_Text"/>
                                        <PropertyValue Property="InsertRestrictions">
                                            <Record>
                                                <PropertyValue Property="Insertable" Bool="false"/>
                                            </Record>
                                        </PropertyValue>
                                    </Record>
                                </Collection>
                            </PropertyValue>
                        </Record>
                    </Annotation>
                </Annotations>
                <atom:link
                    xmlns:atom="http://www.w3.org/2005/Atom" rel="self" href="./sap/ZSL_HOSTEL_FACILITY_SRV/$metadata"/>
                    <atom:link
                        xmlns:atom="http://www.w3.org/2005/Atom" rel="latest-version" href="./sap/ZSL_HOSTEL_FACILITY_SRV/$metadata"/>
                    </Schema>
                </edmx:DataServices>
            </edmx:Edmx>