<core:FragmentDefinition xmlns="sap.m" xmlns:core="sap.ui.core" xmlns:f="sap.ui.layout.form">
<Dialog

title="Add Link"
beginButton="{parts: [{path: 'i18n>OKButtonText'}], formatter: '.formatButtonText'}"
endButton="{parts: [{path: 'i18n>CancelButtonText'}], formatter: '.formatButtonText'}"
afterClose="onClose">
<content>
<!-- Add your dialog content here -->
	<f:SimpleForm editable="true" layout="ResponsiveGridLayout" minWidth="104">
						<f:content>
							<Label text="URL" required="true"/>
							
						<Input></Input>
							<Label text="Description" required="true"/>
						<Input></Input>
						
						</f:content>
					</f:SimpleForm>
		<Label class="sapUiSmallMarginBegin"></Label>			
<Button text="ok" class="sapUiLargeMarginBegin" type="Emphasized"></Button>
<Label class="sapUiLargeMarginBegin"></Label>
<Button text="Cancel" press="onOk" class="sapUiLargeMarginBegin" type="Emphasized"></Button>
</content>
</Dialog>
</core:FragmentDefinition>