<edmx:Edmx
    xmlns:edmx="http://schemas.microsoft.com/ado/2007/06/edmx"
    xmlns:m="http://schemas.microsoft.com/ado/2007/08/dataservices/metadata"
    xmlns:sap="http://www.sap.com/Protocols/SAPData" Version="1.0">
    <edmx:DataServices m:DataServiceVersion="2.0">
        <Schema
            xmlns="http://schemas.microsoft.com/ado/2008/09/edm" Namespace="ZFICA_ST_INSTALLMENT_PLAN_APPR_SRV" xml:lang="en" sap:schema-version="1">
            <Annotation
                xmlns="http://docs.oasis-open.org/odata/ns/edm" Term="Core.SchemaVersion" String="1.0.0"/>
                <EntityType Name="InstallmentStatus" sap:content-version="1">
                    <Key>
                        <PropertyRef Name="STUDENT_OBJID"/>
                    </Key>
                    <Property Name="STUDENT_OBJID" Type="Edm.String" Nullable="false" sap:unicode="false" sap:creatable="false" sap:updatable="false" sap:sortable="false" sap:filterable="false"/>
                    <Property Name="ZPROGRAM" Type="Edm.String" Nullable="false" sap:unicode="false" sap:creatable="false" sap:updatable="false" sap:sortable="false" sap:filterable="false"/>
                    <Property Name="ZYEAR" Type="Edm.String" Nullable="false" sap:unicode="false" sap:creatable="false" sap:updatable="false" sap:sortable="false" sap:filterable="false"/>
                    <Property Name="ZSESSION" Type="Edm.String" Nullable="false" sap:unicode="false" sap:creatable="false" sap:updatable="false" sap:sortable="false" sap:filterable="false"/>
                    <Property Name="ZSTAGE" Type="Edm.String" Nullable="false" sap:unicode="false" sap:creatable="false" sap:updatable="false" sap:sortable="false" sap:filterable="false"/>
                    <Property Name="AMOUNT" Type="Edm.String" Nullable="false" sap:unicode="false" sap:creatable="false" sap:updatable="false" sap:sortable="false" sap:filterable="false"/>
                    <Property Name="DOC_UPLOADED" Type="Edm.String" Nullable="false" sap:unicode="false" sap:creatable="false" sap:updatable="false" sap:sortable="false" sap:filterable="false"/>
                    <Property Name="REMARKS" Type="Edm.String" Nullable="false" sap:unicode="false" sap:creatable="false" sap:updatable="false" sap:sortable="false" sap:filterable="false"/>
                </EntityType>
                <EntityType Name="InstallmentCheque" sap:content-version="1">
                    <Key>
                        <PropertyRef Name="STUDENT_OBJID"/>
                    </Key>
                    <Property Name="STUDENT_OBJID" Type="Edm.String" Nullable="false" sap:unicode="false" sap:creatable="false" sap:updatable="false" sap:sortable="false" sap:filterable="false"/>
                    <Property Name="ZPROGRAM" Type="Edm.String" Nullable="false" sap:unicode="false" sap:creatable="false" sap:updatable="false" sap:sortable="false" sap:filterable="false"/>
                    <Property Name="ZYEAR" Type="Edm.String" Nullable="false" sap:unicode="false" sap:creatable="false" sap:updatable="false" sap:sortable="false" sap:filterable="false"/>
                    <Property Name="ZSESSION" Type="Edm.String" Nullable="false" sap:unicode="false" sap:creatable="false" sap:updatable="false" sap:sortable="false" sap:filterable="false"/>
                    <Property Name="ZSTAGE" Type="Edm.String" Nullable="false" sap:unicode="false" sap:creatable="false" sap:updatable="false" sap:sortable="false" sap:filterable="false"/>
                    <Property Name="PAYMENT_AMT" Type="Edm.String" Nullable="false" sap:unicode="false" sap:creatable="false" sap:updatable="false" sap:sortable="false" sap:filterable="false"/>
                    <Property Name="CHEQUE_NO" Type="Edm.String" Nullable="false" sap:unicode="false" sap:creatable="false" sap:updatable="false" sap:sortable="false" sap:filterable="false"/>
                    <Property Name="VALUE_DATE" Type="Edm.String" Nullable="false" sap:unicode="false" sap:creatable="false" sap:updatable="false" sap:sortable="false" sap:filterable="false"/>
                    <Property Name="C_DOC" Type="Edm.String" Nullable="false" sap:unicode="false" sap:creatable="false" sap:updatable="false" sap:sortable="false" sap:filterable="false"/>
                </EntityType>
                <EntityContainer Name="ZFICA_ST_INSTALLMENT_PLAN_APPR_SRV_Entities" m:IsDefaultEntityContainer="true" sap:supported-formats="atom json xlsx">
                    <EntitySet Name="InstallmentStatusSet" EntityType="ZFICA_ST_INSTALLMENT_PLAN_APPR_SRV.InstallmentStatus" sap:creatable="false" sap:updatable="false" sap:deletable="false" sap:pageable="false" sap:addressable="false" sap:content-version="1"/>
                    <EntitySet Name="InstallmentChequeSet" EntityType="ZFICA_ST_INSTALLMENT_PLAN_APPR_SRV.InstallmentCheque" sap:creatable="false" sap:updatable="false" sap:deletable="false" sap:pageable="false" sap:addressable="false" sap:content-version="1"/>
                </EntityContainer>
                <atom:link
                    xmlns:atom="http://www.w3.org/2005/Atom" rel="self" href="./sap/ZFICA_ST_INSTALLMENT_PLAN_APPR_SRV/$metadata"/>
                    <atom:link
                        xmlns:atom="http://www.w3.org/2005/Atom" rel="latest-version" href="./sap/ZFICA_ST_INSTALLMENT_PLAN_APPR_SRV/$metadata"/>
                    </Schema>
                </edmx:DataServices>
            </edmx:Edmx>