<edmx:Edmx
    xmlns:edmx="http://schemas.microsoft.com/ado/2007/06/edmx"
    xmlns:m="http://schemas.microsoft.com/ado/2007/08/dataservices/metadata"
    xmlns:sap="http://www.sap.com/Protocols/SAPData" Version="1.0">
    <edmx:DataServices m:DataServiceVersion="2.0">
        <Schema
            xmlns="http://schemas.microsoft.com/ado/2008/09/edm" Namespace="Z_MAP_BOOK_SRV" xml:lang="en" sap:schema-version="1">
            <Annotation
                xmlns="http://docs.oasis-open.org/odata/ns/edm" Term="Core.SchemaVersion" String="1.0.0"/>
                <EntityType Name="ZshStext" sap:content-version="1">
                    <Key>
                        <PropertyRef Name="Stext"/>
                    </Key>
                    <Property Name="Objid" Type="Edm.String" Nullable="false" MaxLength="8" sap:unicode="false" sap:label="Object ID" sap:creatable="false" sap:updatable="false" sap:sortable="false" sap:filterable="false"/>
                    <Property Name="Stext" Type="Edm.String" Nullable="false" MaxLength="40" sap:unicode="false" sap:label="Name" sap:creatable="false" sap:updatable="false" sap:sortable="false" sap:filterable="false"/>
                </EntityType>
                <EntityType Name="BookStore" sap:content-version="1">
                    <Key>
                        <PropertyRef Name="Objectid"/>
                    </Key>
                    <Property Name="Objectid" Type="Edm.String" Nullable="false" MaxLength="10" sap:unicode="false" sap:label="ObjectId" sap:creatable="false" sap:updatable="false" sap:sortable="false" sap:filterable="false"/>
                    <Property Name="Material" Type="Edm.String" Nullable="false" MaxLength="40" sap:unicode="false" sap:label="Material" sap:creatable="false" sap:updatable="false" sap:sortable="false" sap:filterable="false"/>
                    <Property Name="Maktx" Type="Edm.String" Nullable="false" MaxLength="120" sap:unicode="false" sap:label="material description" sap:creatable="false" sap:updatable="false" sap:sortable="false" sap:filterable="false"/>
                </EntityType>
                <EntityType Name="ZshMaktx" sap:content-version="1">
                    <Key>
                        <PropertyRef Name="Matnr"/>
                    </Key>
                    <Property Name="Matnr" Type="Edm.String" Nullable="false" MaxLength="40" sap:unicode="false" sap:label="Material" sap:creatable="false" sap:updatable="false" sap:sortable="false" sap:filterable="false"/>
                    <Property Name="Maktx" Type="Edm.String" Nullable="false" MaxLength="120" sap:unicode="false" sap:label="char120" sap:creatable="false" sap:updatable="false" sap:sortable="false" sap:filterable="false"/>
                </EntityType>
                <EntityType Name="ZshDipa" sap:content-version="1">
                    <Key>
                        <PropertyRef Name="Maktx"/>
                    </Key>
                    <Property Name="Maktx" Type="Edm.String" Nullable="false" MaxLength="120" sap:unicode="false" sap:label="char120" sap:creatable="false" sap:updatable="false" sap:sortable="false" sap:filterable="false"/>
                    <Property Name="Isbn" Type="Edm.String" Nullable="false" MaxLength="20" sap:unicode="false" sap:label="Char20" sap:creatable="false" sap:updatable="false" sap:sortable="false" sap:filterable="false"/>
                    <Property Name="Publisher" Type="Edm.String" Nullable="false" MaxLength="20" sap:unicode="false" sap:label="Char20" sap:creatable="false" sap:updatable="false" sap:sortable="false" sap:filterable="false"/>
                    <Property Name="Author" Type="Edm.String" Nullable="false" MaxLength="30" sap:unicode="false" sap:label="Name 1" sap:creatable="false" sap:updatable="false" sap:sortable="false" sap:filterable="false"/>
                </EntityType>
                <EntityContainer Name="Z_MAP_BOOK_SRV_Entities" m:IsDefaultEntityContainer="true" sap:supported-formats="atom json xlsx">
                    <EntitySet Name="ZshStextSet" EntityType="Z_MAP_BOOK_SRV.ZshStext" sap:creatable="false" sap:updatable="false" sap:deletable="false" sap:pageable="false" sap:content-version="1"/>
                    <EntitySet Name="BookStoreSet" EntityType="Z_MAP_BOOK_SRV.BookStore" sap:creatable="false" sap:updatable="false" sap:deletable="false" sap:pageable="false" sap:content-version="1"/>
                    <EntitySet Name="ZshMaktxSet" EntityType="Z_MAP_BOOK_SRV.ZshMaktx" sap:creatable="false" sap:updatable="false" sap:deletable="false" sap:pageable="false" sap:content-version="1"/>
                    <EntitySet Name="ZshDipaSet" EntityType="Z_MAP_BOOK_SRV.ZshDipa" sap:creatable="false" sap:updatable="false" sap:deletable="false" sap:pageable="false" sap:content-version="1"/>
                </EntityContainer>
                <atom:link
                    xmlns:atom="http://www.w3.org/2005/Atom" rel="self" href="./sap/Z_MAP_BOOK_SRV/$metadata"/>
                    <atom:link
                        xmlns:atom="http://www.w3.org/2005/Atom" rel="latest-version" href="./sap/Z_MAP_BOOK_SRV/$metadata"/>
                    </Schema>
                </edmx:DataServices>
            </edmx:Edmx>