[ {
              "Date": null,
              "Amount": "",
              "PaymentNo": "1",
              "CheckNumber": "",
              "CheckDate": null

            }  ,
            {
             "Date": this.seconddate,
              "Amount": "",
              "PaymentNo": "2",
              "CheckNumber": "",
              "CheckDate": null
            },
             {
             "Date": this.thirddate,
              "Amount": "",
              "PaymentNo": "3",
              "CheckNumber": "",
              "CheckDate":null
            }
];