<core:FragmentDefinition
	xmlns="sap.m"
	xmlns:core="sap.ui.core">
	<Dialog id="idpaymentPlan" title="{i18n>Check_Details}" resizable="false" contentWidth="100%">
	<Table id="idTableFragment" items="{local>/}" >
	
					<columns>
						<!--<Column minScreenWidth="Tablet" demandPopin="true" hAlign="Center">-->
						<!--	<Text text="{i18n>date}"/>-->
						<!--</Column>-->
								<Column minScreenWidth="Tablet" demandPopin="true" hAlign="Center">
							<Text text="{i18n>CheckNum}"/>
						</Column>
												<Column minScreenWidth="Tablet" demandPopin="true" hAlign="Center">
							<Text text="{i18n>checkDate}"/>
						</Column>

						<Column minScreenWidth="Tablet" demandPopin="true" hAlign="Center">
							<Text text="{i18n>Amount}"/>
						</Column>
							<Column >
							<Text text=""/>
						</Column>

					</columns>
					<items>
						<ColumnListItem vAlign="Middle">
							<cells>
						<Input value="{local>CheckNumber}" editable="false"  />
								<DatePicker  displayFormat="MM/dd/yyyy" placeholder="MM/dd/yyyy" value="{path:'local>CheckDate', type:'sap.ui.model.type.Date', formatOptions:{pattern:'yyyy-MM-dd', strictParsing:true}}"/>

								<Input value="{local>Amount}"/>
								<Button type="Reject" icon="sap-icon://delete" visible="{local>flag}" press="onDeleteRow"/>
							</cells>
						</ColumnListItem>
					</items>
				</Table>
						<OverflowToolbar>
						<Button id="idAdd" text="Add" press="onAdd" type="Emphasized" icon="sap-icon://add"/>
			<ToolbarSpacer/>
					<Button id="idModify" text="Modify" press="onApproveReject($event,'M')" type="Ghost" visible="false"/>
						<Button id="idApprove" text="Approve" press="onApproveReject($event,'A')" type="Success"/>
						<Button id="idReject" text="Reject" press="onApproveReject($event,'R')" type="Reject" />

			<Button text="Close" press="onClose" type="Ghost"/>
		</OverflowToolbar>

	</Dialog>
</core:FragmentDefinition>