<edmx:Edmx
    xmlns:edmx="http://schemas.microsoft.com/ado/2007/06/edmx"
    xmlns:m="http://schemas.microsoft.com/ado/2007/08/dataservices/metadata"
    xmlns:sap="http://www.sap.com/Protocols/SAPData" Version="1.0">
    <edmx:DataServices m:DataServiceVersion="2.0">
        <Schema
            xmlns="http://schemas.microsoft.com/ado/2008/09/edm" Namespace="ZFICA_ST_INSTALLMENT_PLAN_SRV" xml:lang="en" sap:schema-version="1">
            <Annotation
                xmlns="http://docs.oasis-open.org/odata/ns/edm" Term="Core.SchemaVersion" String="1.0.0"/>
                <EntityType Name="InstallStatus" sap:content-version="1">
                    <Key>
                        <PropertyRef Name="StudentObjid"/>
                    </Key>
                    <Property Name="StudentObjid" Type="Edm.String" Nullable="false" MaxLength="8" sap:unicode="false" sap:label="Student ID" sap:creatable="false" sap:updatable="false" sap:sortable="false" sap:filterable="false"/>
                    <Property Name="Zprogram" Type="Edm.String" Nullable="false" MaxLength="8" sap:unicode="false" sap:label="Program ID" sap:creatable="false" sap:updatable="false" sap:sortable="false" sap:filterable="false"/>
                    <Property Name="Zyear" Type="Edm.String" Nullable="false" MaxLength="4" sap:unicode="false" sap:label="Acad. Year" sap:creatable="false" sap:updatable="false" sap:sortable="false" sap:filterable="false"/>
                    <Property Name="Zsession" Type="Edm.String" Nullable="false" MaxLength="3" sap:unicode="false" sap:label="Acad. Session" sap:creatable="false" sap:updatable="false" sap:sortable="false" sap:filterable="false"/>
                    <Property Name="Zstage" Type="Edm.String" Nullable="false" MaxLength="2" sap:unicode="false" sap:label="Stage" sap:creatable="false" sap:updatable="false" sap:sortable="false" sap:filterable="false"/>
                    <Property Name="Amount" Type="Edm.Decimal" Nullable="false" Precision="5" Scale="2" sap:unicode="false" sap:label="Amount" sap:creatable="false" sap:updatable="false" sap:sortable="false" sap:filterable="false"/>
                </EntityType>
                <EntityType Name="StudentHeader" sap:content-version="1">
                    <Key>
                        <PropertyRef Name="Identifier"/>
                        <PropertyRef Name="StudentName"/>
                    </Key>
                    <Property Name="Identifier" Type="Edm.String" Nullable="false" sap:unicode="false" sap:creatable="false" sap:updatable="false" sap:sortable="false" sap:filterable="false"/>
                    <Property Name="StudentName" Type="Edm.String" Nullable="false" sap:unicode="false" sap:creatable="false" sap:updatable="false" sap:sortable="false" sap:filterable="false"/>
                    <Property Name="AdditionalId" Type="Edm.String" Nullable="false" sap:unicode="false" sap:creatable="false" sap:updatable="false" sap:sortable="false" sap:filterable="false"/>
                    <Property Name="PaymentPlan" Type="Edm.String" Nullable="false" sap:unicode="false" sap:creatable="false" sap:updatable="false" sap:sortable="false" sap:filterable="false"/>
                    <Property Name="AcademicYear" Type="Edm.String" Nullable="false" sap:unicode="false" sap:creatable="false" sap:updatable="false" sap:sortable="false" sap:filterable="false"/>
                    <Property Name="AcademicSession" Type="Edm.String" Nullable="false" sap:unicode="false" sap:creatable="false" sap:updatable="false" sap:sortable="false" sap:filterable="false"/>
                    <Property Name="ProgramName" Type="Edm.String" Nullable="false" sap:unicode="false" sap:creatable="false" sap:updatable="false" sap:sortable="false" sap:filterable="false"/>
                    <Property Name="Email" Type="Edm.String" Nullable="false" sap:unicode="false" sap:creatable="false" sap:updatable="false" sap:sortable="false" sap:filterable="false"/>
                    <Property Name="Stage" Type="Edm.String" Nullable="false" sap:unicode="false" sap:creatable="false" sap:updatable="false" sap:sortable="false" sap:filterable="false"/>
                    <Property Name="ST_OBJID" Type="Edm.String" Nullable="false" sap:unicode="false" sap:creatable="false" sap:updatable="false" sap:sortable="false" sap:filterable="false"/>
                    <Property Name="SC_OBJID" Type="Edm.String" Nullable="false" sap:unicode="false" sap:creatable="false" sap:updatable="false" sap:sortable="false" sap:filterable="false"/>
                    <Property Name="PERYR" Type="Edm.String" Nullable="false" sap:unicode="false" sap:creatable="false" sap:updatable="false" sap:sortable="false" sap:filterable="false"/>
                    <Property Name="PERID" Type="Edm.String" Nullable="false" sap:unicode="false" sap:creatable="false" sap:updatable="false" sap:sortable="false" sap:filterable="false"/>
                    <Property Name="Status" Type="Edm.String" Nullable="false" sap:unicode="false" sap:creatable="false" sap:updatable="false" sap:sortable="false" sap:filterable="false"/>
                    <Property Name="ACLEVEL" Type="Edm.String" Nullable="false" sap:unicode="false" sap:creatable="false" sap:updatable="false" sap:sortable="false" sap:filterable="false"/>
                </EntityType>
                <EntityType Name="FeeDueDetails" sap:content-version="1">
                    <Key>
                        <PropertyRef Name="StudentName"/>
                    </Key>
                    <Property Name="StudentName" Type="Edm.String" Nullable="false" sap:unicode="false" sap:creatable="false" sap:updatable="false" sap:sortable="false" sap:filterable="false"/>
                    <Property Name="FeeDetails" Type="Edm.String" Nullable="false" sap:unicode="false" sap:creatable="false" sap:updatable="false" sap:sortable="false" sap:filterable="false"/>
                    <Property Name="Amount" Type="Edm.String" Nullable="false" sap:unicode="false" sap:creatable="false" sap:updatable="false" sap:sortable="false" sap:filterable="false"/>
                    <Property Name="Status" Type="Edm.String" Nullable="false" sap:unicode="false" sap:creatable="false" sap:updatable="false" sap:sortable="false" sap:filterable="false"/>
                </EntityType>
                <EntityType Name="ChequeDet" sap:content-version="1">
                    <Key>
                        <PropertyRef Name="StudentObjid"/>
                    </Key>
                    <Property Name="StudentObjid" Type="Edm.String" Nullable="false" MaxLength="8" sap:unicode="false" sap:label="Student ID" sap:creatable="false" sap:updatable="false" sap:sortable="false" sap:filterable="false"/>
                    <Property Name="Zprogram" Type="Edm.String" Nullable="false" MaxLength="8" sap:unicode="false" sap:label="Program ID" sap:creatable="false" sap:updatable="false" sap:sortable="false" sap:filterable="false"/>
                    <Property Name="Zyear" Type="Edm.String" Nullable="false" MaxLength="4" sap:unicode="false" sap:label="Acad. Year" sap:creatable="false" sap:updatable="false" sap:sortable="false" sap:filterable="false"/>
                    <Property Name="Zsession" Type="Edm.String" Nullable="false" MaxLength="3" sap:unicode="false" sap:label="Acad. Session" sap:creatable="false" sap:updatable="false" sap:sortable="false" sap:filterable="false"/>
                    <Property Name="Zstage" Type="Edm.String" Nullable="false" MaxLength="2" sap:unicode="false" sap:label="Stage" sap:creatable="false" sap:updatable="false" sap:sortable="false" sap:filterable="false"/>
                    <Property Name="PAYMENT_AMT1" Type="Edm.String" Nullable="false" MaxLength="13" sap:unicode="false" sap:label="Payment Amount" sap:creatable="false" sap:updatable="false" sap:sortable="false" sap:filterable="false"/>
                    <Property Name="PAYMENT_AMT_DATE1" Type="Edm.DateTime" Precision="0" sap:unicode="false" sap:label="Posting Date" sap:creatable="false" sap:updatable="false" sap:sortable="false" sap:filterable="false"/>
                    <Property Name="CHEQUE_NO1" Type="Edm.String" Nullable="false" MaxLength="13" sap:unicode="false" sap:label="Check number" sap:creatable="false" sap:updatable="false" sap:sortable="false" sap:filterable="false"/>
                    <Property Name="VALUE_DATE1" Type="Edm.DateTime" Precision="0" sap:unicode="false" sap:label="Value date" sap:creatable="false" sap:updatable="false" sap:sortable="false" sap:filterable="false"/>
                    <Property Name="PAYMENT_AMT2" Type="Edm.String" Nullable="false" MaxLength="13" sap:unicode="false" sap:label="Payment Amount" sap:creatable="false" sap:updatable="false" sap:sortable="false" sap:filterable="false"/>
                    <Property Name="PAYMENT_AMT_DATE2" Type="Edm.DateTime" Precision="0" sap:unicode="false" sap:label="Posting Date" sap:creatable="false" sap:updatable="false" sap:sortable="false" sap:filterable="false"/>
                    <Property Name="CHEQUE_NO2" Type="Edm.String" Nullable="false" MaxLength="13" sap:unicode="false" sap:label="Check number" sap:creatable="false" sap:updatable="false" sap:sortable="false" sap:filterable="false"/>
                    <Property Name="VALUE_DATE2" Type="Edm.DateTime" Precision="0" sap:unicode="false" sap:label="Value date" sap:creatable="false" sap:updatable="false" sap:sortable="false" sap:filterable="false"/>
                    <Property Name="PAYMENT_AMT3" Type="Edm.String" Nullable="false" MaxLength="13" sap:unicode="false" sap:label="Payment Amount" sap:creatable="false" sap:updatable="false" sap:sortable="false" sap:filterable="false"/>
                    <Property Name="PAYMENT_AMT_DATE3" Type="Edm.DateTime" Precision="0" sap:unicode="false" sap:label="Posting Date" sap:creatable="false" sap:updatable="false" sap:sortable="false" sap:filterable="false"/>
                    <Property Name="CHEQUE_NO3" Type="Edm.String" Nullable="false" MaxLength="13" sap:unicode="false" sap:label="Check number" sap:creatable="false" sap:updatable="false" sap:sortable="false" sap:filterable="false"/>
                    <Property Name="VALUE_DATE3" Type="Edm.DateTime" Precision="0" sap:unicode="false" sap:label="Value date" sap:creatable="false" sap:updatable="false" sap:sortable="false" sap:filterable="false"/>
                    <Property Name="PAYMENT_AMT4" Type="Edm.String" Nullable="false" MaxLength="13" sap:unicode="false" sap:label="Payment Amount" sap:creatable="false" sap:updatable="false" sap:sortable="false" sap:filterable="false"/>
                    <Property Name="PAYMENT_AMT_DATE4" Type="Edm.DateTime" Precision="0" sap:unicode="false" sap:label="Posting Date" sap:creatable="false" sap:updatable="false" sap:sortable="false" sap:filterable="false"/>
                    <Property Name="CHEQUE_NO4" Type="Edm.String" Nullable="false" MaxLength="13" sap:unicode="false" sap:label="Check number" sap:creatable="false" sap:updatable="false" sap:sortable="false" sap:filterable="false"/>
                    <Property Name="VALUE_DATE4" Type="Edm.DateTime" Precision="0" sap:unicode="false" sap:label="Value date" sap:creatable="false" sap:updatable="false" sap:sortable="false" sap:filterable="false"/>
                    <Property Name="PAYMENT_AMT5" Type="Edm.String" Nullable="false" MaxLength="13" sap:unicode="false" sap:label="Payment Amount" sap:creatable="false" sap:updatable="false" sap:sortable="false" sap:filterable="false"/>
                    <Property Name="PAYMENT_AMT_DATE5" Type="Edm.DateTime" Precision="0" sap:unicode="false" sap:label="Posting Date" sap:creatable="false" sap:updatable="false" sap:sortable="false" sap:filterable="false"/>
                    <Property Name="CHEQUE_NO5" Type="Edm.String" Nullable="false" MaxLength="13" sap:unicode="false" sap:label="Check number" sap:creatable="false" sap:updatable="false" sap:sortable="false" sap:filterable="false"/>
                    <Property Name="VALUE_DATE5" Type="Edm.DateTime" Precision="0" sap:unicode="false" sap:label="Value date" sap:creatable="false" sap:updatable="false" sap:sortable="false" sap:filterable="false"/>
                    <Property Name="AMOUNT" Type="Edm.String" Nullable="false" MaxLength="13" sap:unicode="false" sap:label="Payment Amount" sap:creatable="false" sap:updatable="false" sap:sortable="false" sap:filterable="false"/>
                    <Property Name="STATUS" Type="Edm.String" Nullable="false" MaxLength="10" sap:unicode="false" sap:label="Aproval Status" sap:creatable="false" sap:updatable="false" sap:sortable="false" sap:filterable="false"/>
                </EntityType>
                <EntityContainer Name="ZFICA_ST_INSTALLMENT_PLAN_SRV_Entities" m:IsDefaultEntityContainer="true" sap:supported-formats="atom json xlsx">
                    <EntitySet Name="InstallStatusSet" EntityType="ZFICA_ST_INSTALLMENT_PLAN_SRV.InstallStatus" sap:creatable="false" sap:updatable="false" sap:deletable="false" sap:pageable="false" sap:content-version="1"/>
                    <EntitySet Name="StudentHeaderSet" EntityType="ZFICA_ST_INSTALLMENT_PLAN_SRV.StudentHeader" sap:creatable="false" sap:updatable="false" sap:deletable="false" sap:pageable="false" sap:addressable="false" sap:content-version="1"/>
                    <EntitySet Name="FeeDueDetailsSet" EntityType="ZFICA_ST_INSTALLMENT_PLAN_SRV.FeeDueDetails" sap:creatable="false" sap:updatable="false" sap:deletable="false" sap:pageable="false" sap:addressable="false" sap:content-version="1"/>
                    <EntitySet Name="ChequeDetSet" EntityType="ZFICA_ST_INSTALLMENT_PLAN_SRV.ChequeDet" sap:creatable="false" sap:updatable="false" sap:deletable="false" sap:pageable="false" sap:addressable="false" sap:content-version="1"/>
                </EntityContainer>
                <atom:link
                    xmlns:atom="http://www.w3.org/2005/Atom" rel="self" href="./sap/ZFICA_ST_INSTALLMENT_PLAN_SRV/$metadata"/>
                    <atom:link
                        xmlns:atom="http://www.w3.org/2005/Atom" rel="latest-version" href="./sap/ZFICA_ST_INSTALLMENT_PLAN_SRV/$metadata"/>
                    </Schema>
                </edmx:DataServices>
            </edmx:Edmx>